Workbook

Sheet Stock_Management_System
B6: STOCK MANAGEMENT SYSTEM
B9: PURCHASE | H9: SALES | N9: STOCK
B10: Date | C10: Product Name | D10: Qty. | E10: Rate | F10: Amount | H10: Date | I10: Product Name | J10: Qty. | K10: Rate | L10: Amount | N10: Product Name | O10: Total Purchase | P10: Total Sales | Q10: Closing Stock | R10: Status
B11: 46297 | C11: Intel Core i5 10th Gen | D11: 20 | E11: =IFERROR(VLOOKUP(C11,Stock_Master!$B$4:$D$20,2,0),"") -> 10000 | F11: =IFERROR(D11*E11,"") -> 200000 | H11: 46297 | I11: MSI Pro MP225 Monitor | J11: 2 | K11: =IFERROR(VLOOKUP(I11,Stock_Master!$B$4:$D$20,3,0),"") -> 10000 | L11: =IFERROR(J11*K11,"") -> 20000 | N11: A4 Tech Mouse | O11: =SUMIF($C:$C,N11,D:D) -> 50 | P11: =SUMIF($I:$I,N11,J:J) -> 40 | Q11: =O11-P11 -> 10 | R11: =IF(Q11<=10,"Low Stock","In Stock") -> Low Stock
B12: 46297 | C12: MSI Pro MP225 Monitor | D12: 25 | E12: =IFERROR(VLOOKUP(C12,Stock_Master!$B$4:$D$20,2,0),"") -> 7900 | F12: =IFERROR(D12*E12,"") -> 197500 | H12: 46297 | I12: Microlab M07 Speaker | J12: 5 | K12: =IFERROR(VLOOKUP(I12,Stock_Master!$B$4:$D$20,3,0),"") -> 3000 | L12: =IFERROR(J12*K12,"") -> 15000 | N12: MSI Pro MP225 Monitor | O12: =SUMIF($C:$C,N12,D:D) -> 25 | P12: =SUMIF($I:$I,N12,J:J) -> 17 | Q12: =O12-P12 -> 8 | R12: =IF(Q12<=10,"Low Stock","In Stock") -> Low Stock
B13: 46297 | C13: BenQ PD254 Monitor | D13: 30 | E13: =IFERROR(VLOOKUP(C13,Stock_Master!$B$4:$D$20,2,0),"") -> 8000 | F13: =IFERROR(D13*E13,"") -> 240000 | H13: 46297 | I13: BenQ PD254 Monitor | J13: 5 | K13: =IFERROR(VLOOKUP(I13,Stock_Master!$B$4:$D$20,3,0),"") -> 10900 | L13: =IFERROR(J13*K13,"") -> 54500 | N13: BenQ PD254 Monitor | O13: =SUMIF($C:$C,N13,D:D) -> 30 | P13: =SUMIF($I:$I,N13,J:J) -> 15 | Q13: =O13-P13 -> 15 | R13: =IF(Q13<=10,"Low Stock","In Stock") -> In Stock
B14: 46297 | C14: A4 Tech Mouse | D14: 50 | E14: =IFERROR(VLOOKUP(C14,Stock_Master!$B$4:$D$20,2,0),"") -> 400 | F14: =IFERROR(D14*E14,"") -> 20000 | H14: 46298 | I14: Intel Core i5 10th Gen | J14: 6 | K14: =IFERROR(VLOOKUP(I14,Stock_Master!$B$4:$D$20,3,0),"") -> 13900 | L14: =IFERROR(J14*K14,"") -> 83400 | N14: Microlab M07 Speaker | O14: =SUMIF($C:$C,N14,D:D) -> 20 | P14: =SUMIF($I:$I,N14,J:J) -> 5 | Q14: =O14-P14 -> 15 | R14: =IF(Q14<=10,"Low Stock","In Stock") -> In Stock
B15: 46298 | C15: ADATA 64 GB Pendrive | D15: 60 | E15: =IFERROR(VLOOKUP(C15,Stock_Master!$B$4:$D$20,2,0),"") -> 600 | F15: =IFERROR(D15*E15,"") -> 36000 | H15: 46298 | I15: BenQ PD254 Monitor | J15: 5 | K15: =IFERROR(VLOOKUP(I15,Stock_Master!$B$4:$D$20,3,0),"") -> 10900 | L15: =IFERROR(J15*K15,"") -> 54500 | N15: 250 W Power Supply | O15: =SUMIF($C:$C,N15,D:D) -> 22 | P15: =SUMIF($I:$I,N15,J:J) -> 0 | Q15: =O15-P15 -> 22 | R15: =IF(Q15<=10,"Low Stock","In Stock") -> In Stock
B16: 46298 | C16: PC Power 16 GB Ram | D16: 40 | E16: =IFERROR(VLOOKUP(C16,Stock_Master!$B$4:$D$20,2,0),"") -> 6000 | F16: =IFERROR(D16*E16,"") -> 240000 | H16: 46299 | I16: MSI Pro MP225 Monitor | J16: 10 | K16: =IFERROR(VLOOKUP(I16,Stock_Master!$B$4:$D$20,3,0),"") -> 10000 | L16: =IFERROR(J16*K16,"") -> 100000 | N16: PC Power 16 GB Ram | O16: =SUMIF($C:$C,N16,D:D) -> 52 | P16: =SUMIF($I:$I,N16,J:J) -> 50 | Q16: =O16-P16 -> 2 | R16: =IF(Q16<=10,"Low Stock","In Stock") -> Low Stock
B17: 46298 | C17: Havit 2230u Headphone | D17: 28 | E17: =IFERROR(VLOOKUP(C17,Stock_Master!$B$4:$D$20,2,0),"") -> 2100 | F17: =IFERROR(D17*E17,"") -> 58800 | H17: 46299 | I17: A4 Tech Mouse | J17: 40 | K17: =IFERROR(VLOOKUP(I17,Stock_Master!$B$4:$D$20,3,0),"") -> 500 | L17: =IFERROR(J17*K17,"") -> 20000 | N17: Redmi Note 9 pro | O17: =SUMIF($C:$C,N17,D:D) -> 12 | P17: =SUMIF($I:$I,N17,J:J) -> 6 | Q17: =O17-P17 -> 6 | R17: =IF(Q17<=10,"Low Stock","In Stock") -> Low Stock
B18: 46298 | C18: Microlab M07 Speaker | D18: 20 | E18: =IFERROR(VLOOKUP(C18,Stock_Master!$B$4:$D$20,2,0),"") -> 2300 | F18: =IFERROR(D18*E18,"") -> 46000 | H18: 46299 | I18: MSI B450 Motherboard | J18: 6 | K18: =IFERROR(VLOOKUP(I18,Stock_Master!$B$4:$D$20,3,0),"") -> 12000 | L18: =IFERROR(J18*K18,"") -> 72000 | N18: A4 Tech Keyboard | O18: =SUMIF($C:$C,N18,D:D) -> 15 | P18: =SUMIF($I:$I,N18,J:J) -> 12 | Q18: =O18-P18 -> 3 | R18: =IF(Q18<=10,"Low Stock","In Stock") -> Low Stock
B19: 46299 | C19: MSI B450 Motherboard | D19: 15 | E19: =IFERROR(VLOOKUP(C19,Stock_Master!$B$4:$D$20,2,0),"") -> 9000 | F19: =IFERROR(D19*E19,"") -> 135000 | H19: 46300 | I19: MSI GT 710 2 GB DDR3 | J19: 10 | K19: =IFERROR(VLOOKUP(I19,Stock_Master!$B$4:$D$20,3,0),"") -> 8700 | L19: =IFERROR(J19*K19,"") -> 87000 | N19: MSI B450 Motherboard | O19: =SUMIF($C:$C,N19,D:D) -> 30 | P19: =SUMIF($I:$I,N19,J:J) -> 6 | Q19: =O19-P19 -> 24 | R19: =IF(Q19<=10,"Low Stock","In Stock") -> In Stock
B20: 46299 | C20: 250 W Power Supply | D20: 22 | E20: =IFERROR(VLOOKUP(C20,Stock_Master!$B$4:$D$20,2,0),"") -> 1500 | F20: =IFERROR(D20*E20,"") -> 33000 | H20: 46300 | I20: A4 Tech Keyboard | J20: 10 | K20: =IFERROR(VLOOKUP(I20,Stock_Master!$B$4:$D$20,3,0),"") -> 700 | L20: =IFERROR(J20*K20,"") -> 7000 | N20: Havit 2230u Headphone | O20: =SUMIF($C:$C,N20,D:D) -> 28 | P20: =SUMIF($I:$I,N20,J:J) -> 0 | Q20: =O20-P20 -> 28 | R20: =IF(Q20<=10,"Low Stock","In Stock") -> In Stock
B21: 46299 | C21: MSI GT 710 2 GB DDR3 | D21: 16 | E21: =IFERROR(VLOOKUP(C21,Stock_Master!$B$4:$D$20,2,0),"") -> 6000 | F21: =IFERROR(D21*E21,"") -> 96000 | H21: 46300 | I21: MSI Pro MP225 Monitor | J21: 5 | K21: =IFERROR(VLOOKUP(I21,Stock_Master!$B$4:$D$20,3,0),"") -> 10000 | L21: =IFERROR(J21*K21,"") -> 50000 | N21: Tecno Sperk 5 Pro | O21: =SUMIF($C:$C,N21,D:D) -> 15 | P21: =SUMIF($I:$I,N21,J:J) -> 0 | Q21: =O21-P21 -> 15 | R21: =IF(Q21<=10,"Low Stock","In Stock") -> In Stock
B22: 46300 | C22: A4 Tech Keyboard | D22: 15 | E22: =IFERROR(VLOOKUP(C22,Stock_Master!$B$4:$D$20,2,0),"") -> 500 | F22: =IFERROR(D22*E22,"") -> 7500 | H22: 46301 | I22: BenQ PD254 Monitor | J22: 5 | K22: =IFERROR(VLOOKUP(I22,Stock_Master!$B$4:$D$20,3,0),"") -> 10900 | L22: =IFERROR(J22*K22,"") -> 54500 | N22: ADATA 64 GB Pendrive | O22: =SUMIF($C:$C,N22,D:D) -> 60 | P22: =SUMIF($I:$I,N22,J:J) -> 52 | Q22: =O22-P22 -> 8 | R22: =IF(Q22<=10,"Low Stock","In Stock") -> Low Stock
... B26: 46301 | C26: Redmi Note 9 pro | D26: 12 | E26: =IFERROR(VLOOKUP(C26,Stock_Master!$B$4:$D$20,2,0),"") -> 18000 | F26: =IFERROR(D26*E26,"") -> 216000 | H26: 46302 | I26: Ryzen 5 5600G | J26: 8 | K26: =IFERROR(VLOOKUP(I26,Stock_Master!$B$4:$D$20,3,0),"") -> 10000 | L26: =IFERROR(J26*K26,"") -> 80000 | N26: MSI GT 710 2 GB DDR3 | O26: =SUMIF($C:$C,N26,D:D) -> 28 | P26: =SUMIF($I:$I,N26,J:J) -> 20 | Q26: =O26-P26 -> 8 | R26: =IF(Q26<=10,"Low Stock","In Stock") -> Low Stock
B27: 46302 | C27: MSI B450 Motherboard | D27: 15 | E27: =IFERROR(VLOOKUP(C27,Stock_Master!$B$4:$D$20,2,0),"") -> 9000 | F27: =IFERROR(D27*E27,"") -> 135000 | H27: 46303 | I27: MSI GT 710 2 GB DDR3 | J27: 10 | K27: =IFERROR(VLOOKUP(I27,Stock_Master!$B$4:$D$20,3,0),"") -> 8700 | L27: =IFERROR(J27*K27,"") -> 87000
B28: 46302 | C28: MSI GT 710 2 GB DDR3 | D28: 12 | E28: =IFERROR(VLOOKUP(C28,Stock_Master!$B$4:$D$20,2,0),"") -> 6000 | F28: =IFERROR(D28*E28,"") -> 72000 | H28: 46303 | I28: PC Power 16 GB Ram | J28: 32 | K28: =IFERROR(VLOOKUP(I28,Stock_Master!$B$4:$D$20,3,0),"") -> 9000 | L28: =IFERROR(J28*K28,"") -> 288000
B29: 46303 | C29: PC Power 16 GB Ram | D29: 12 | E29: =IFERROR(VLOOKUP(C29,Stock_Master!$B$4:$D$20,2,0),"") -> 6000 | F29: =IFERROR(D29*E29,"") -> 72000 | H29: 46303 | I29: PC Power 16 GB Ram | J29: 18 | K29: =IFERROR(VLOOKUP(I29,Stock_Master!$B$4:$D$20,3,0),"") -> 9000 | L29: =IFERROR(J29*K29,"") -> 162000
E30: =IFERROR(VLOOKUP(C30,Stock_Master!$B$4:$D$20,2,0),"") | F30: =IFERROR(D30*E30,"") | K30: =IFERROR(VLOOKUP(I30,Stock_Master!$B$4:$D$20,3,0),"") | L30: =IFERROR(J30*K30,"")
E31: =IFERROR(VLOOKUP(C31,Stock_Master!$B$4:$D$20,2,0),"") | F31: =IFERROR(D31*E31,"") | K31: =IFERROR(VLOOKUP(I31,Stock_Master!$B$4:$D$20,3,0),"") | L31: =IFERROR(J31*K31,"")
E32: =IFERROR(VLOOKUP(C32,Stock_Master!$B$4:$D$20,2,0),"") | F32: =IFERROR(D32*E32,"") | K32: =IFERROR(VLOOKUP(I32,Stock_Master!$B$4:$D$20,3,0),"") | L32: =IFERROR(J32*K32,"")
E33: =IFERROR(VLOOKUP(C33,Stock_Master!$B$4:$D$20,2,0),"") | F33: =IFERROR(D33*E33,"") | K33: =IFERROR(VLOOKUP(I33,Stock_Master!$B$4:$D$20,3,0),"") | L33: =IFERROR(J33*K33,"")
E34: =IFERROR(VLOOKUP(C34,Stock_Master!$B$4:$D$20,2,0),"") | F34: =IFERROR(D34*E34,"") | K34: =IFERROR(VLOOKUP(I34,Stock_Master!$B$4:$D$20,3,0),"") | L34: =IFERROR(J34*K34,"")
E35: =IFERROR(VLOOKUP(C35,Stock_Master!$B$4:$D$20,2,0),"") | F35: =IFERROR(D35*E35,"") | K35: =IFERROR(VLOOKUP(I35,Stock_Master!$B$4:$D$20,3,0),"") | L35: =IFERROR(J35*K35,"")
E36: =IFERROR(VLOOKUP(C36,Stock_Master!$B$4:$D$20,2,0),"") | F36: =IFERROR(D36*E36,"") | K36: =IFERROR(VLOOKUP(I36,Stock_Master!$B$4:$D$20,3,0),"") | L36: =IFERROR(J36*K36,"")
E37: =IFERROR(VLOOKUP(C37,Stock_Master!$B$4:$D$20,2,0),"") | F37: =IFERROR(D37*E37,"") | K37: =IFERROR(VLOOKUP(I37,Stock_Master!$B$4:$D$20,3,0),"") | L37: =IFERROR(J37*K37,"")
E38: =IFERROR(VLOOKUP(C38,Stock_Master!$B$4:$D$20,2,0),"") | F38: =IFERROR(D38*E38,"") | K38: =IFERROR(VLOOKUP(I38,Stock_Master!$B$4:$D$20,3,0),"") | L38: =IFERROR(J38*K38,"")
E39: =IFERROR(VLOOKUP(C39,Stock_Master!$B$4:$D$20,2,0),"") | F39: =IFERROR(D39*E39,"") | K39: =IFERROR(VLOOKUP(I39,Stock_Master!$B$4:$D$20,3,0),"") | L39: =IFERROR(J39*K39,"")
E40: =IFERROR(VLOOKUP(C40,Stock_Master!$B$4:$D$20,2,0),"") | F40: =IFERROR(D40*E40,"") | K40: =IFERROR(VLOOKUP(I40,Stock_Master!$B$4:$D$20,3,0),"") | L40: =IFERROR(J40*K40,"")
E41: =IFERROR(VLOOKUP(C41,Stock_Master!$B$4:$D$20,2,0),"") | F41: =IFERROR(D41*E41,"") | K41: =IFERROR(VLOOKUP(I41,Stock_Master!$B$4:$D$20,3,0),"") | L41: =IFERROR(J41*K41,"")
... E53: =IFERROR(VLOOKUP(C53,Stock_Master!$B$4:$D$20,2,0),"") | F53: =IFERROR(D53*E53,"") | K53: =IFERROR(VLOOKUP(I53,Stock_Master!$B$4:$D$20,3,0),"") | L53: =IFERROR(J53*K53,"")

Sheet Stock_Master
B4: Product Name | C4: Purchase Rate | D4: Selling Rate
B5: A4 Tech Mouse | C5: 400 | D5: 500
B6: MSI Pro MP225 Monitor | C6: 7900 | D6: 10000
B7: BenQ PD254 Monitor | C7: 8000 | D7: 10900
B8: Microlab M07 Speaker | C8: 2300 | D8: 3000
B9: 250 W Power Supply | C9: 1500 | D9: 1800
B10: PC Power 16 GB Ram | C10: 6000 | D10: 9000
B11: Redmi Note 9 pro | C11: 18000 | D11: 22000
B12: A4 Tech Keyboard | C12: 500 | D12: 700
B13: MSI B450 Motherboard | C13: 9000 | D13: 12000
B14: Havit 2230u Headphone | C14: 2100 | D14: 2500
B15: Tecno Sperk 5 Pro | C15: 12000 | D15: 15000
B16: ADATA 64 GB Pendrive | C16: 600 | D16: 900
... B20: MSI GT 710 2 GB DDR3 | C20: 6000 | D20: 8700
